dmc_code,name,rgb_hex
"B5200","Snow White","FFFFFF"
"White","White","FCFCFC"
"Ecru","Ecru","F0EADA"
"310","Black","000000"
"150","Dusty Rose Ultra Vy Dk","AB0249"
"151","Dusty Rose Vry Lt","F0CED4"
"152","Shell Pink Med Light","E2A099"
"153","Violet Very Light","E6CFDA"
"154","Grape Very Dark","572433"
"155","Blue Violet Med Dark","9891B6"
"156","Blue Violet Med Lt","A3A7C4"
"157","Cornflower Blue Vy Lt","BBC3D9"
"158","Cornflower Blu M V D","4C526E"
"159","Blue Gray Light","C7CAD7"
"160","Blue Gray Medium","999FB3"
"161","Blue Gray","767C94"
"162","Blue Ultra Very Light","DBECF5"
"163","Celadon Green Md","4D9E7A"
"164","Forest Green Lt","C8DDB8"
"165","Moss Green Vy Lt","ECEF91"
"166","Moss Green Md Lt","C0C840"
"167","Yellow Beige V Dk","A77B4B"
"168","Pewter Very Light","D1D1D1"
"169","Pewter Light","848484"
"208","Lavender Very Dark","835191"
"209","Lavender Dark","A37DAB"
"210","Lavender Medium","C4A4C8"
"211","Lavender Light","E3CBE3"
"221","Shell Pink Vy Dk","883E43"
"223","Shell Pink Light","CC847C"
"224","Shell Pink Very Light","EBB9B3"
"225","Shell Pink Ultra Vy Lt","FFDFD9"
"300","Mahogany Very Dark","6F2F00"
"301","Mahogany Medium","B35219"
"304","Christmas Red Medium","B71F33"
"307","Lemon","FDED54"
"309","Rose Dark","BA414C"
"311","Navy Blue Medium","1C5066"
"312","Navy Blue Light","355F7C"
"315","Antique Mauve Md Dk","814A5B"
"316","Antique Mauve Medium","B87A8B"
"317","Pewter Gray","6C6C6C"
"318","Steel Gray Light","A8A8A8"
"319","Pistachio Grn Vy Dk","205B3A"
"320","Pistachio Green Med","69895A"
"321","Christmas Red","C02A2A"
"322","Navy Blue Very Light","5A8BA8"
"326","Rose Very Dark","B33B4B"
"327","Violet Dark","633666"
"333","Blue Violet Very Dark","5C527D"
"334","Baby Blue Medium","739FC0"
"335","Rose","EE546E"
"336","Navy Blue","253B4D"
"340","Blue Violet Medium","ADA7C7"
"341","Blue Violet Light","B7B4D0"
"347","Salmon Very Dark","BF2D2D"
"349","Coral Dark","D21035"
"350","Coral Medium","E04848"
"351","Coral","E96A67"
"352","Coral Light","FD9C97"
"353","Peach","FEC3B5"
"355","Terra Cotta Dark","984436"
"356","Terra Cotta Medium","C56A53"
"357","Terra Cotta Vy Dk","6B3830"
"358","Terra Cotta Dk","864536"
"367","Pistachio Green Dk","617A52"
"368","Pistachio Green Lt","A6C391"
"369","Pistachio Grn Vy Lt","D6E7C6"
"370","Mustard Medium","B88B41"
"371","Mustard","BF9E5D"
"372","Mustard Light","CDB171"
"400","Mahogany Dark","8F4119"
"402","Mahogany Very Light","F7A777"
"407","Desert Sand Med","BB8B6E"
"413","Pewter Gray Dark","565656"
"414","Steel Gray Dark","8C8C8C"
"415","Pearl Gray","C8C8C8"
"420","Hazelnut Brown Dk","A0742D"
"422","Hazelnut Brown Lt","C69C6D"
"433","Brown Medium","7A4A1E"
"434","Brown Light","98652B"
"435","Brown Very Light","B8813A"
"436","Tan","CB9857"
"437","Tan Light","E3BD91"
"444","Lemon Dark","FFD700"
"445","Lemon Light","FFFAAB"
"451","Shell Gray Dark","908785"
"452","Shell Gray Medium","B2A8A5"
"453","Shell Gray Light","CBC4C1"
"469","Avocado Green","728B40"
"470","Avocado Green Lt","94AB4E"
"471","Avocado Grn Vy Lt","AEC26A"
"472","Avocado Grn Ul Lt","D8E498"
"498","Christmas Red Dark","A70B2A"
"500","Blue Green Vy Dk","0E5E51"
"501","Blue Green Dark","3B7468"
"502","Blue Green","5B9485"
"503","Blue Green Medium","7BB3A4"
"504","Blue Green Very Lt","C4DDD4"
"505","Jade Green","338268"
"517","Wedgwood Dark","3B708A"
"518","Wedgwood Light","5E98B2"
"519","Sky Blue","7EBBD1"
"520","Fern Green Dark","666D52"
"522","Fern Green","9AA183"
"523","Fern Green Light","ABB396"
"524","Fern Green Vy Lt","C5CBB6"
"535","Ash Gray Very Light","636363"
"543","Beige Brown Ul Vy Lt","F2E5D5"
"550","Violet Very Dark","5C2F66"
"552","Violet Medium","803C80"
"553","Violet","A25FA5"
"554","Violet Light","DB9DD7"
"561","Jade Very Dark","2C6B54"
"562","Jade Medium","53937E"
"563","Jade Light","8FC5AB"
"564","Jade Very Light","A7D4BF"
"580","Moss Green Dark","888E2D"
"581","Moss Green","A7AD38"
"597","Turquoise","5BB0BA"
"598","Turquoise Light","90C6CB"
"600","Cranberry Very Dark","CD2F5A"
"601","Cranberry Dark","D34A73"
"602","Cranberry Medium","E2608C"
"603","Cranberry","FF82A8"
"604","Cranberry Light","FFADC1"
"605","Cranberry Very Light","FFCDD7"
"606","Bright Orange-Red","FA2600"
"608","Bright Orange","FD4F00"
"610","Drab Brown Dk","796447"
"611","Drab Brown","967B52"
"612","Drab Brown Light","BC9F6A"
"613","Drab Brown Vy Lt","DCC89A"
"632","Desert Sand Ul Vy Dk","875540"
"640","Beige Gray Vy Dk","857C6C"
"642","Beige Gray Dark","A89F8D"
"644","Beige Gray Medium","DED8CA"
"645","Beaver Gray Vy Dk","6A6560"
"646","Beaver Gray Dk","888480"
"647","Beaver Gray Med","A8A5A1"
"648","Beaver Gray Light","BAB8B5"
"666","Christmas Red Bright","E31D42"
"676","Old Gold Light","E6C572"
"677","Old Gold Vy Lt","F5E8C0"
"680","Old Gold Dark","BC8E27"
"699","Christmas Green","056A1A"
"700","Christmas Green Bright","077B22"
"701","Christmas Green Lt","3F9026"
"702","Kelly Green","47A530"
"703","Chartreuse","7BB339"
"704","Chartreuse Bright","9EC23D"
"712","Cream","FFF7E8"
"718","Plum","9C2462"
"720","Orange Spice Dark","E55823"
"721","Orange Spice Med","F27B29"
"722","Orange Spice Light","F8993E"
"725","Topaz","FFC840"
"726","Topaz Light","FDD754"
"727","Topaz Very Light","FFF191"
"728","Topaz","D6A431"
"729","Old Gold Medium","D0A034"
"730","Olive Green Vy Dk","827A35"
"731","Olive Green Dark","918837"
"732","Olive Green","948A3A"
"733","Olive Green Med","BBB056"
"734","Olive Green Light","C7C06A"
"738","Tan Very Light","ECCE98"
"739","Tan Ultra Very Light","F8E7C8"
"740","Tangerine","FF8313"
"741","Tangerine Medium","FF9E00"
"742","Tangerine Light","FFBF00"
"743","Yellow Medium","FFE34C"
"744","Yellow Pale","FFE990"
"745","Yellow Pale Light","FFEEB3"
"746","Off White","FFF9E5"
"747","Sky Blue Very Light","E5F4F8"
"754","Peach Light","F7D4BC"
"758","Terra Cotta Very Lt","EEB89E"
"760","Salmon","F5A3A3"
"761","Salmon Light","FFC9C9"
"762","Pearl Gray Vy Lt","E8E8E8"
"772","Yellow Green Vy Lt","E4EEC0"
"775","Baby Blue Very Light","D9E9F3"
"776","Pink Medium","FCC2CD"
"777","Raspberry Very Dark","A31450"
"778","Antique Mauve Vy Lt","DFB9C3"
"779","Cocoa Dark","6B4848"
"780","Topaz Ultra Vy Dk","945D0A"
"781","Topaz Very Dark","A86B07"
"782","Topaz Dark","AE7720"
"783","Topaz Medium","CE9D38"
"791","Cornflower Blue V D","464876"
"792","Cornflower Blue Dark","5B5F91"
"793","Cornflower Blue Med","7183AC"
"794","Cornflower Blue Lt","8FA4C4"
"796","Royal Blue Dark","11447E"
"797","Royal Blue","1E5298"
"798","Delft Blue Dark","4672A8"
"799","Delft Blue Medium","7497BD"
"800","Delft Blue Pale","C0D6EA"
"801","Coffee Brown Dk","5C3514"
"803","Baby Blue Ul Vy Dk","2C4D6D"
"806","Peacock Blue Dark","3C96A5"
"807","Peacock Blue","64AEBA"
"809","Delft Blue","94B4D1"
"813","Blue Light","A0C3DB"
"814","Garnet Dark","7B1931"
"815","Garnet Medium","871D37"
"816","Garnet","971B3A"
"817","Coral Red Very Dark","BB142E"
"818","Baby Pink","FFDEE3"
"819","Baby Pink Light","FFE9ED"
"820","Royal Blue Very Dark","0E3A6A"
"822","Beige Gray Light","E8E3D6"
"823","Navy Blue Dark","213348"
"824","Blue Very Dark","396C98"
"825","Blue Dark","4781AE"
"826","Blue Medium","6BA0C6"
"827","Blue Very Light","BDDDEE"
"828","Blue Ultra Vy Lt","C6E4F2"
"829","Golden Olive Vy Dk","826C26"
"830","Golden Olive Dk","907730"
"831","Golden Olive Med","AA8B36"
"832","Golden Olive","C49D2F"
"833","Golden Olive Lt","C9AC4D"
"834","Golden Olive Vy Lt","D9C26D"
"838","Beige Brown Vy Dk","5F432A"
"839","Beige Brown Dark","7A5B3C"
"840","Beige Brown Med","9D805D"
"841","Beige Brown Light","C0A585"
"842","Beige Brown Vy Lt","DBC9B1"
"844","Beaver Gray Ul Dk","545451"
"869","Hazelnut Brn Vy Dk","835B2D"
"890","Pistachio Grn Ul Dk","174527"
"891","Carnation Dark","FF5773"
"892","Carnation Medium","FF6F88"
"893","Carnation Light","FC90A4"
"894","Carnation Very Light","FFB7C7"
"895","Hunter Green Vy Dk","1B4726"
"898","Coffee Brown Vy Dk","492A0F"
"899","Rose Medium","F27688"
"900","Burnt Orange Dark","D15807"
"902","Garnet Very Dark","6B101F"
"904","Parrot Green Vy Dk","557426"
"905","Parrot Green Dark","628929"
"906","Parrot Green Med","7FA13B"
"907","Parrot Green Light","C4D94A"
"909","Emerald Green Vy Dk","156F44"
"910","Emerald Green Dark","187F4F"
"911","Emerald Green Med","189159"
"912","Emerald Green Light","1BA76A"
"913","Nile Green Medium","6DC291"
"915","Plum Dark","820E4D"
"917","Plum Medium","9B1D62"
"918","Red Copper Dark","82412C"
"919","Red Copper","A64B2F"
"920","Copper Medium","AC5C35"
"921","Copper","C66D35"
"922","Copper Light","E27B3A"
"924","Gray Green Vy Dark","566D6E"
"926","Gray Green Medium","96ABAB"
"927","Gray Green Light","BDC9C7"
"928","Gray Green Vy Lt","DDE3E0"
"930","Antique Blue Dark","455D73"
"931","Antique Blue Medium","6A8799"
"932","Antique Blue Light","A2B9C7"
"934","Black Avocado Green","3A3F2E"
"935","Avocado Green Dk","4A5037"
"936","Avocado Grn V Dk","5B643E"
"937","Avocado Green Med","627045"
"938","Coffee Brown Ul Dk","3E2718"
"939","Navy Blue Very Dark","1B2737"
"943","Medium Aquamarine","28AE8C"
"945","Tawny","FBD3AC"
"946","Burnt Orange Med","EB6307"
"947","Burnt Orange","FF7B31"
"948","Peach Very Light","FEE8DD"
"950","Desert Sand Light","EED1BD"
"951","Tawny Light","FFE2CA"
"954","Nile Green","88C9A1"
"955","Nile Green Light","A2DFBB"
"956","Geranium","FF6476"
"957","Geranium Pale","FD9FA8"
"958","Sea Green Dark","3CBAA0"
"959","Sea Green Medium","59CBAF"
"961","Dusty Rose Dark","CF7A7A"
"962","Dusty Rose Medium","E8969B"
"963","Dusty Rose Ul Vy Lt","FFD3D6"
"964","Sea Green Light","A9E3D3"
"966","Jade Ultra Vy Lt","B8DFC7"
"970","Pumpkin Light","F78B13"
"971","Pumpkin","F67F00"
"972","Canary Deep","FFB515"
"973","Canary Bright","FFE300"
"975","Golden Brown Dk","914E14"
"976","Golden Brown Med","C28142"
"977","Golden Brown Light","DC9C55"
"986","Forest Green Vy Dk","405E34"
"987","Forest Green Dark","587744"
"988","Forest Green Med","73964B"
"989","Forest Green","8DAC5A"
"991","Aquamarine Dark","477874"
"992","Aquamarine","6FC2AA"
"993","Aquamarine Light","90D5BF"
"995","Electric Blue Dark","2697C8"
"996","Electric Blue Medium","30C1F1"
"3011","Khaki Green Dark","897F54"
"3012","Khaki Green Med","A59C6E"
"3013","Khaki Green Light","B9B28A"
"3021","Brown Gray Vy Dk","4C453B"
"3022","Brown Gray Med","8D8678"
"3023","Brown Gray Light","B1AA9A"
"3024","Brown Gray Vy Lt","ECEAE4"
"3031","Mocha Brown Vy Dk","4B3D2E"
"3032","Mocha Brown Med","B29D7C"
"3033","Mocha Brown Vy Lt","E3D8C8"
"3041","Antique Violet Med","957084"
"3042","Antique Violet Lt","B7A0AC"
"3045","Yellow Beige Dk","BC9C58"
"3046","Yellow Beige Med","D7C085"
"3047","Yellow Beige Lt","E7DDB8"
"3051","Green Gray Dark","5F6744"
"3052","Green Gray Med","899065"
"3053","Green Gray","9CA584"
"3064","Desert Sand","C48E6D"
"3072","Beaver Gray Vy Lt","E8E6E3"
"3078","Golden Yellow Vy Lt","FFF6C8"
"3325","Baby Blue Light","B8D4E8"
"3326","Rose Light","FBB3B9"
"3328","Salmon Dark","E36D73"
"3340","Apricot Medium","FF896E"
"3341","Apricot","FCAB93"
"3345","Hunter Green Dark","2B552C"
"3346","Hunter Green","406B42"
"3347","Yellow Green Med","71903F"
"3348","Yellow Green Lt","CCDD9A"
"3350","Dusty Rose Ultra Dk","BC4365"
"3354","Dusty Rose Light","E4A6A5"
"3362","Pine Green Dark","5E6F48"
"3363","Pine Green Med","728C58"
"3364","Pine Green","839B67"
"3371","Black Brown","1E120B"
"3607","Plum Light","C54989"
"3608","Plum Very Light","EA91BC"
"3609","Plum Ultra Light","F4AED0"
"3685","Mauve Very Dark","883853"
"3687","Mauve","C7697C"
"3688","Mauve Medium","E8A7AF"
"3689","Mauve Light","FBC5CC"
"3705","Melon Dark","FF7B88"
"3706","Melon Medium","FFADB5"
"3708","Melon Light","FFCCD2"
"3712","Salmon Medium","F18787"
"3713","Salmon Very Light","FFE2E2"
"3716","Dusty Rose Med Vy Lt","FFBDC7"
"3721","Shell Pink Dark","A1494D"
"3722","Shell Pink Med","BC6B63"
"3726","Antique Mauve Dark","9D5B6C"
"3727","Antique Mauve Lt","DBA8B3"
"3731","Dusty Rose Very Dark","DA6677"
"3733","Dusty Rose","E8899C"
"3740","Antique Violet Dark","785063"
"3743","Antique Violet Vy Lt","D7CDD3"
"3746","Blue Violet Dark","7764A1"
"3747","Blue Violet Vy Lt","D3D4E8"
"3750","Antique Blue Vy Dk","384C5B"
"3752","Antique Blue Vy Lt","C7D4DE"
"3753","Antique Blue Ul Vy Lt","DBE4EC"
"3755","Baby Blue","93B8D4"
"3756","Baby Blue Ul Vy Lt","EEFBFF"
"3760","Wedgwood Med","3E8A9E"
"3761","Sky Blue Light","ACD8E2"
"3765","Peacock Blue Vy Dk","347C8B"
"3766","Peacock Blue Lt","99C8CE"
"3768","Gray Green Dark","657F7C"
"3770","Tawny Vy Light","FFF5EB"
"3771","Terra Cotta Ul Vy Lt","F4C1A8"
"3772","Desert Sand Vy Dk","A07053"
"3773","Desert Sand Med","C69272"
"3774","Desert Sand Vy Lt","F5E5D5"
"3776","Mahogany Light","CF7339"
"3777","Terra Cotta Vy Dk","863127"
"3778","Terra Cotta Light","D98978"
"3779","Rosewood Ul Vy Lt","F8C8B7"
"3781","Mocha Brown Dark","6B5841"
"3782","Mocha Brown Lt","D2C6AC"
"3787","Brown Gray Dark","625B4C"
"3790","Beige Gray Ul Dk","6B5F4F"
"3799","Pewter Gray Vy Dk","424242"
"3801","Christmas Red Lt","E74956"
"3802","Antique Mauve Vy Dk","714150"
"3803","Mauve Dark","9B2F50"
"3804","Cyclamen Pink Dark","E02876"
"3805","Cyclamen Pink","F3478A"
"3806","Cyclamen Pink Lt","FF7FAE"
"3807","Cornflower Blue","607196"
"3808","Turquoise Ul Vy Dk","366A6C"
"3809","Turquoise Vy Dark","3F8585"
"3810","Turquoise Dark","489B99"
"3811","Turquoise Very Light","BCE3E1"
"3812","Sea Green Vy Dk","2F9688"
"3813","Blue Green Lt","B8D9CD"
"3814","Aquamarine","508A7D"
"3815","Celadon Green Dk","477966"
"3816","Celadon Green","65A085"
"3817","Celadon Green Lt","99C4AA"
"3818","Emerald Grn Ul V Dk","115E36"
"3819","Moss Green Lt","E0E668"
"3820","Straw Dark","DFB53E"
"3821","Straw","F3C953"
"3822","Straw Light","F6DC74"
"3823","Yellow Ultra Pale","FFFDE3"
"3824","Apricot Light","FECAB8"
"3825","Pumpkin Pale","FDBE7C"
"3826","Golden Brown","AD7133"
"3827","Golden Brown Pale","F7C37B"
"3828","Hazelnut Brown","B78556"
"3829","Old Gold Very Dark","AA8106"
"3830","Terra Cotta","BC6144"
"3831","Raspberry Dark","B32E49"
"3832","Raspberry Medium","DB4B65"
"3833","Raspberry Light","EA7085"
"3834","Grape Dark","723A5A"
"3835","Grape Medium","945F80"
"3836","Grape Light","BA8AA2"
"3837","Lavender Ul Dk","6C3461"
"3838","Lavender Blue Dark","5C73A3"
"3839","Lavender Blue Med","7B92BB"
"3840","Lavender Blue Light","B0C0DD"
"3841","Baby Blue Pale","CDDFEF"
"3842","Wedgwood Vry Dk","2C6478"
"3843","Electric Blue","14ADCE"
"3844","Turquoise Bright Dk","12A5AE"
"3845","Turquoise Bright Med","04C2CA"
"3846","Turquoise Bright Lt","06E5E5"
"3847","Teal Green Dark","347C73"
"3848","Teal Green Med","559289"
"3849","Teal Green Light","52B89F"
"3850","Bright Green Dk","388F79"
"3851","Bright Green Lt","49B399"
"3852","Straw Very Dark","CD9D1A"
"3853","Autumn Gold Dk","F29746"
"3854","Autumn Gold Med","F2AB63"
"3855","Autumn Gold Lt","FAD396"
"3856","Mahogany Ul Vy Lt","FFCFA4"
"3857","Rosewood Dark","6A312E"
"3858","Rosewood Med","964843"
"3859","Rosewood Light","BA8273"
"3860","Cocoa","7E5B52"
"3861","Cocoa Light","A6857B"
"3862","Mocha Beige Dark","8A7155"
"3863","Mocha Beige Med","A89070"
"3864","Mocha Beige Light","CBB99A"
"3865","Winter White","FAF8F5"
"3866","Mocha Brn Ul Vy Lt","FAF6EE"
